id,password
1,hY3$WPIC=aONn8
2,zX8'%M2ggMiJ
3,iX6)L7~P{Vtg#)|
4,oG1&(>FKNv3fcBN3
5,"xV7>D,,OO"
6,vA6/>{XZW!2Bt&
7,hW7%9L<Ukij
8,nI0+'~bGnn5\8.
9,"jE1&',N(on("
10,"jC4\IYMu""z"
11,aG6&(DuhHuV|
12,vH5}VHks2UgD
13,zF7>|H>zJP56
14,"pA6""5Ha29f"
15,kL3!4d<p#)p+K%
16,"gM0>G,U$z"
17,oP0}1Hj_t
18,"xN6,T}Vv)6`Yj"
19,wD5_)|{X>RLIbdmb
20,aT5+3a0N=AuzY`V
21,"dU8|IR/soy@kU,K"
22,nG4(?B!@
23,nS6@@6$mF+)uC3v
24,uP8{&K9GeFMW
25,"yV6""h&tkM"
26,fA4{C6E8t~OKq
27,vE6{awC#(82vV
28,"wM0""}WwA`u0"
29,"oL5|<,mi"
30,"oP4,BT&BcC""G20M"
31,wG1(iHs!W94kcv
32,tL6#/1AHY06JvDH
33,"vE9%,h=Ox4UH.?e"
34,dS7%{>uIL`+
35,wY1|L6F%
36,aF2>>C)6}3
37,fP3>iWsxIOc
38,nH3~w|5mkO$
39,"sI1.`X@""5?m<b"
40,zO4=#o|9.b'T1w
41,zZ4%bB41q1/q3z6
42,"oZ8,<V){=t{W"
43,jN5!ise?(iRA
44,tD9.~2_X%2iLIce
45,lY2_%Wjd(sL
46,cK9_/`9\W}G
47,"wJ3$y2xZR,"
48,pL8&mTIM\
49,dS2~&NIi+c*S/r
50,pH7~/9K?E
51,"tH9""r0uiruwbpk"
52,aX3&gm8i$
53,xI6=ZQ6BxXj
54,rK4/tMbQ``|SBJ
55,rJ6*k{#63!9`>+
56,"iZ4,L.u@Hp2"
57,sA2+R56MFzEy
58,bY9_lE8q.U
59,iE5*3wA65bfH?Z)
60,bJ9<IJybe3
61,tI9+j{Uw
62,pX0.8sa@A}BFphl
63,hU2!p{C/e7JAxoe_
64,iS2+*nHG+n
65,hR9#w<zu}/?7?
66,fX6/%5D9+@u
67,"tC1@Z,38/~+ghk)"
68,qY2\nY6l}JNt=pK
69,eA4@6/~dRa>_
70,eT4`NqkMB}l
71,fP9<NXpP5&qXv?
72,fR3>BY|I/S3eK
73,"aI0&fou1,<2r0=&~"
74,dD6/O&RS%
75,zE2*XM4P)
76,wE6+w@5Tfi|7!b
77,xI2*`823pl
78,rB0'oorCd4tILM
79,cY9?H2Q@0m#}@2
80,dQ6_a9Va<=')Nf
81,hF1(7fdk{
82,zI6=Ikpg{
83,qL8!='LwHQc@z
84,qN6$N.WRG
85,"xL1(,CR9*?=~8'7T"
86,"nC5""6CX"""
87,vE8.\wK4
88,uE5|z4I&NBfO
89,qX9?&`xi
90,xY7)Tw?Y
91,mK8?o9Nhn3!V(ff
92,pC9<jVH!
93,sI6~PtslRrv_9E
94,nJ5\y8d8t+
95,"gO8,30jfM1&|S"
96,wL7`ho4OztRSd
97,"bD7@5"")t+9HQx"
98,"yR8""A(LX@87\?_"
99,bS2~dK|ouT|g/3O
100,nU7(tvoDi@}x/K%0
